"nameEn","nameKo","stars","location","descKo","descEn","addr","contact"
"Your-Mind","유어마인드","★","서울, 한국 · Seoul, Korea","유어마인드는 국내 최대 독립출판 축제인 아트북페어 '언리미티드 에디션'을 매년 주최하는 곳으로, 한국 독립출판 신(scene)의 사실상 발원지로 꼽힌다. 2009년 서울에서 문을 연 이래 국내 소형 출판사와 개인 작가들의 독립출판물과 아트북을 전문으로 취급해왔다. 서가는 장르가 아니라 발행 연도와 판형을 기준으로 정리되어 있어, 처음 방문한 사람은 분류 체계를 파악하는 데 시간이 걸린다. 2026년 4월에는 오래 있던 자리를 떠나 연희동으로 이전했다. 새 공간은 이전보다 넓지만, 서가 배치 방식은 그대로 옮겨왔다. 독립출판물의 유통 주기가 짧다는 점을 고려하면, 방문 전 재고 확인을 권한다.","Your-Mind is widely treated as the origin of Korea's independent publishing scene, and still hosts Unlimited Edition, the country's largest art-book fair. Since opening in Seoul in 2009 it has specialised in small-press and artists' books. The shelves are ordered by year and format rather than genre, which slows first-time visitors. In April 2026 the shop left its long-time address for Yeonhui-dong. The new room is larger, but the same filing logic was moved intact. Stock turns quickly; check before you go.","서울 서대문구 연희로 122, 302호 · 122, Yeonhui-ro, Seodaemun-gu, Seoul","Tel 070-8821-8990 / Instagram @your_mind_com"
"Chaekbang Moomyeong","책방 무명","★★","통영 근교, 한국 · Near Tongyeong, Korea","통영 근교 바닷가 창고를 개조한 이 서점은 원래 건어물 창고였다. 별도의 입고 절차 없이 서가를 채우는데, 방문객이 방명록에 문장을 하나 남기면 그 문장은 이튿날 손글씨로 옮겨져 서가의 빈 칸에 꽂힌다. 필사는 은퇴한 제본공 출신인 주인이 매일 밤 혼자 맡아서 한다. 문장이 짧으면 얇은 책자로, 길면 여러 권으로 나뉘어 제본된다. 저자 이름 대신 방문 날짜만 표기하는 것이 이곳의 유일한 규칙이다. 최근에는 필사를 도울 사람을 구하지 못해, 하루 걸리던 작업이 사흘까지 늦어지는 경우도 있다. 개점 시간은 따로 정해져 있지 않고, 주인이 자리에 있을 때만 문을 연다.","This shop occupies a former dried-fish warehouse on the coast near Tongyeong. There is no ordinary intake. A visitor leaves one sentence in the guestbook; by the next day it has been copied by hand and filed in an empty slot. The owner, a retired binder, does the copying alone each night. Short sentences become thin pamphlets; long ones are split across volumes. The only rule is that the date of the visit stands in for an author's name. Help has been hard to find, so work that once took a day can now take three. Hours are not posted. The door is open only when the owner is there.","경상남도 통영시 산양읍 해안도로 84 · 84 Haean-daero, Sanyang-eup, Tongyeong",""
"蔦屋書店","츠타야 다이칸야마 티사이트","★★★","도쿄, 일본 · Tokyo, Japan","파이낸셜타임스가 '세계에서 가장 근사한 서점' 중 하나로 꼽은 곳이 도쿄 도심에 있다. 다이칸야마 티사이트는 클라인 다이섬 건축사무소가 설계한 세 개의 건물로 이루어져 있다. 세 동은 산책로로 연결되어 있어, 방문객은 책장 사이가 아니라 건물 사이를 걸으며 구역을 이동한다. 서점이라기보다 복합 문화 공간에 가까우며, 반려동물 전용 구역과 요리 전문 서가가 나란히 배치되어 있다. 분류는 출판사나 저자가 아니라 라이프스타일 주제를 기준으로 이루어져, 요리책 옆에 식기 브랜드 카탈로그가 놓이는 경우도 흔하다. 새벽까지 영업하는 라운지가 딸려 있어, 자정이 넘은 시각에도 서가 사이를 오가는 사람을 볼 수 있다. 개점 이후 다이칸야마 지역 자체의 성격을 바꾼 시설로 자주 언급된다.","The Financial Times once listed this among the world's most beautiful bookstores. Daikanyama T-SITE is three buildings by Klein Dytham, linked by a path, so visitors move between pavilions rather than only between stacks. It behaves more like a cultural compound than a shop: a pet area sits beside a cookery bay. Books are filed by lifestyle, not publisher, so a cookbook may stand next to a tableware catalogue. A lounge stays open into the small hours. Since opening it has often been credited with changing the character of Daikanyama itself.","17-5 Sarugakucho, Shibuya-ku, Tokyo 150-0033","Tel +81 3-3770-2525 / Instagram @daikanyama.tsutaya.mag"
"誠品生活 松菸店","청핀성훠 쑹옌점","★★","타이베이, 대만 · Taipei, Taiwan","밤늦게까지 여행 일정을 소화하는 사람들 사이에서 '자정 넘어서도 갈 수 있는 서점'으로 입소문난 브랜드가 바로 誠品(청핀)이다. 1989년 대만 사업가 우칭유(吳清友)가 타이베이에서 시작한 서점 브랜드다. 지금은 대만 전역 38개 지점과 홍콩·중국·일본 등 해외 지점까지 두고 있으며, 서점과 갤러리·카페·편집숍을 한데 묶은 복합문화공간 모델을 대만에 처음 정착시킨 곳으로 평가받는다. 원조 둔난점이 1999년 세계 최초로 24시간 운영을 시작한 뒤, 誠品이라는 이름 자체가 '밤에도 열려 있는 서점'과 동의어처럼 쓰이게 됐다. 쑹옌점은 2023년 말 둔난점이 문을 닫은 뒤, 이 24시간 타이틀을 이어받은 지점이다. 둔난점보다 넓은 매장에 더 많은 도서를 갖추고 있고, 옛 담배 공장 부지를 개발한 문화 지구 안에 자리해 주변에는 갤러리와 공예 공방이 함께 있다. 심야 시간대에는 서점 직원보다 시험 준비를 하는 학생이나 근무를 마친 사람이 더 많이 눈에 띈다.","Among travellers keeping late hours, Eslite is the name that means a bookshop still open after midnight. Wu Ching-yu founded it in Taipei in 1989. It now runs dozens of branches in Taiwan and others in Hong Kong, China and Japan, and is credited with bringing the bookstore-gallery-café model to Taiwan. After the original Dunnan store began 24-hour opening in 1999, the brand itself became shorthand for a shop that does not close at night. Songyan inherited that title when Dunnan shut at the end of 2023. The floor is larger, the stock heavier, and the site sits in a former tobacco-factory district among galleries and workshops. After midnight the readers are more often students or people off shift than staff.","台北市信義區菸廠路88號 (110)","Tel +886 2-6636-5888 / Instagram @eslite_global"
"Hardcover: The Art Book Shop","하드커버: 디 아트 북 숍","★★","방콕, 태국 · Bangkok, Thailand","방콕의 대표 럭셔리 백화점 센트럴 엠바시 안에는, 쇼핑하러 온 사람들도 잘 모르고 지나치는 아트북 전문 서점이 숨어 있다. 하드커버는 2012년 문을 연 이곳으로, 내부는 백화점 매장과는 전혀 다른 방식으로 설계되었다. 서가는 낮은 조도로 유지되며, 표지가 아니라 판형을 기준으로 책을 세워 진열한다. 사진집과 그래픽 디자인 서적의 비중이 높고, 절판된 한정판이 정가보다 높은 가격에 재입고되는 경우도 있다. 매장 규모는 크지 않지만, 방콕을 방문하는 디자이너와 사진가 사이에서는 필수 경유지로 통한다. 특정 요일에만 신간이 입고되어, 재방문 계획을 세우는 손님이 많다.","Inside Central Embassy, Bangkok's flagship luxury mall, an art-book shop is easy to miss. Hardcover opened in 2012 and is lit and laid out unlike the department floor around it. Shelves stay dim; books stand by format, not by cover. Photobooks and graphic-design titles dominate, and out-of-print limited editions sometimes return above list price. The room is small, but designers and photographers treat it as a required stop. New stock arrives on set days, so many visitors plan a second call.","Level 6, Central Embassy, 1031 Ploenchit Rd, Bangkok 10330","Tel +66 2-160-5977 / Instagram @hardcovertheartbookshop"
"Sách Lang Thang","삭랑탕","★","하노이, 베트남 · Hanoi, Vietnam","하노이 구시가의 이 가판대는 재고 목록을 따로 관리하지 않는다. 이 방식은 수십 년 전 인근 시장에서 난 화재로 여러 좌판의 재고가 뒤섞이면서 자연스럽게 굳어졌다고 전해진다. 팔리지 않은 책은 하루가 지나면 다른 골목의 비슷한 가판대로 옮겨진다는 것이 상인들 사이의 통설이다. 야간 이동은 대개 근처에서 일하는 아이들이 맡는다고 하는데, 정식으로 고용된 것은 아니고 소소한 용돈을 받는 식이다. 가격은 표지에 붙은 스티커가 아니라 그날의 흥정으로 정해진다. 우기에는 처마 밑 자리만 남고 나머지 가판대는 자연히 줄어든다. 오래 팔리지 않는 책은 결국 파지로 넘겨지는데, 어떤 책을 넘길지는 그날 좌판을 맡은 상인의 판단에 달려 있다.","This stall in Hanoi's Old Quarter keeps no inventory list. The habit is said to date from a market fire decades ago, when several pitches of stock were mixed together and never fully sorted. Unsold books, traders claim, move overnight to a similar stall on another alley. Children who work nearby usually do the carrying, paid a little, not formally hired. Price is a bargain, not a sticker. In the rains only the pitches under eaves remain. Books that never sell go for pulp; which titles go is decided by whoever minds the stall that day.","12 Phố Hàng Bồ, Hoàn Kiếm, Hà Nội",""
"Shakespeare and Company","셰익스피어 앤 컴퍼니","★★","파리, 프랑스 · Paris, France","노숙자에게도 잠자리를 내준다는 소문으로 파리 여행기마다 빠지지 않고 등장하는 서점이 있다. 셰익스피어 앤 컴퍼니는 1919년부터 파리에서 영어 서적을 취급해온 유서 깊은 곳이다. 이곳을 특별하게 만드는 것은 소장 도서가 아니라 '텀블위드'라 불리는 오랜 전통이다. 글을 쓰겠다고 찾아온 사람에게 서점은 매대 사이나 서가 뒤에 잠자리를 내주었고, 그 대가로 하루에 책 한 권을 읽고 한 페이지의 자기소개를 남기도록 했다. 지금까지 이 방식으로 머물다 간 사람은 수천 명에 이른다고 알려져 있다. 서가 곳곳에는 그들이 남긴 메모와 사진이 그대로 꽂혀 있어, 어떤 책을 꺼내면 다른 사람의 흔적이 함께 나오기도 한다. 노트르담 대성당을 마주보는 위치라는 사실은, 이 서점을 소개할 때 오히려 뒤늦게 언급되는 정보다.","Paris guides rarely omit the rumour that this shop still offers a bed to people with nowhere to sleep. Shakespeare and Company has sold English books in the city since 1919. What marks it is not the stock so much as the Tumbleweed custom: anyone who arrives to write may sleep between the tables or behind the shelves, in return for a book a day and a page of autobiography. Thousands are said to have stayed this way. Notes and photographs remain in the stacks, so a title sometimes comes out with someone else's trace. That the shop faces Notre-Dame is usually mentioned last.","37 Rue de la Bûcherie, 75005 Paris","Tel +33 1 43 25 40 93 / Instagram @shakespeareandcoparis"
"Les Bouquinistes","부키니스트","★★","파리, 프랑스 · Paris, France","파리 센 강변을 걷다 보면 누구나 한 번쯤 지나치게 되는 초록색 헌책 가판대, 그 정체가 바로 부키니스트다. 개별 상인이 각자의 구역을 대대로 물려받아 운영하며, 판매대의 정확한 개수와 위치는 파리시가 별도로 관리한다. 2018년에는 이 가판대 전체가 유네스코 인류무형문화유산으로 지정되었다. 낮에는 관광객을 위한 엽서와 판화가 많이 보이지만, 해가 지고 상인들이 진짜 서적 상자를 여는 시간대가 따로 있다는 이야기가 돈다. 강변 개발 계획이 발표될 때마다 이 가판대의 존속 여부가 함께 논의된다. 지금도 몇몇 자리는 몇 대에 걸쳐 같은 가족이 지키고 있다.","Walk the Seine and you pass the green second-hand stalls known as the bouquinistes. Each trader inherits a pitch; the city keeps count of how many boxes sit where. In 2018 the whole line was inscribed by UNESCO. By day postcards and prints for tourists dominate; after dusk, some say, the real book crates come out. Every new plan for the quays reopens the question of whether the stalls will stay. A few pitches have been in the same family for generations.","Quai de Montebello ~ Quai Voltaire, 75005 Paris",""
"Boekhandel Dominicanen","보크한델 도미니카넌","★★★","마스트리흐트, 네덜란드 · Maastricht, Netherlands","13세기에 지어진 고딕 성당 안에서 책을 고르는 경험은 흔치 않다. 보크한델 도미니카넌은 도미니크 수도회 성당을 그대로 개조한 서점이다. 높은 천장과 스테인드글라스는 그대로 남아 있고, 서가는 옛 신도석 자리를 따라 배치되었다. 제단이 있던 자리에는 지금 카페 테이블이 놓여 있다. 성당 시절의 벽화 일부가 서가 위쪽에 여전히 남아 있어, 책을 고르다 고개를 들면 낡은 종교화와 마주치게 된다. 건물의 원래 용도를 알지 못한 채 들어온 사람은 대개 몇 분간 서가보다 천장을 먼저 살핀다. 개조 공사 당시 지하에서 오래된 무덤이 발견되어, 그 구역은 지금도 출입이 제한되어 있다.","It is uncommon to choose a book inside a thirteenth-century Gothic church. Boekhandel Dominicanen occupies a former Dominican church. The high vaults and stained glass remain; the shelves follow the old pew lines. Café tables stand where the altar was. Fragments of church painting still sit above the stacks, so a reader looking up meets a worn religious scene. People who do not know the building's first use usually study the ceiling before the books. Graves were found below during conversion; that area is still closed.","Dominicanerkerkstraat 1, 6211 CZ Maastricht","Tel +31 43 304 0130 / Instagram @boekhandel_dominicanen"
"Tablette","타블레트","★★","브로크, 스위스 · Broc, Switzerland","몽트뢰에서 그뤼예르를 지나 브로크까지 가는 초콜릿 열차의 종점 근처에 있는 이 서점은, 서가 전체를 초콜릿과 카카오에 관한 책으로 채운다. 레시피북 옆에 포장 디자인 화보가 있고, 어린이용 공장 견학 팸플릿과 두꺼운 제과 역사서가 한 칸을 쓴다. 계산대에서는 스위스산 초콜릿만 판다. 수입 브랜드는 들여놓지 않으며, 손님이 책과 판초콜릿을 같이 고르는 모습이 자연스럽게 자리를 잡았다. 열차가 들어오는 오후에는 가게 안이 잠깐 붐비고, 막차가 떠나면 주인이 문을 잠근다. 창밖으로 공장 굴뚝과 선로가 함께 보인다.","Near the end of the chocolate train from Montreux through Gruyères to Broc, this shop fills every shelf with books on chocolate and cacao. Recipe books sit beside packaging albums; a children's factory pamphlet shares a bay with a thick history of confectionery. Only Swiss chocolate is sold at the counter. Imports are not stocked, and buying a bar with a book has become the usual gesture. Afternoons swell when a train arrives; after the last departure the owner locks the door. Tracks and a factory chimney show through the window.","Rue de Montsalvens 6, 1636 Broc",""
"Livraria Lello","리브라리아 렐루","★★★","포르투, 포르투갈 · Porto, Portugal","입장료를 받는데도 매일 긴 줄이 서는 서점이 있다면 믿을 수 있을까. 1906년에 문을 연 리브라리아 렐루는 중앙의 붉은 나선계단으로 유명하다. 방문객이 몰리면서 지금은 입장료를 받고 있으며, 그 금액은 책을 구매할 때 할인으로 돌려받을 수 있다. 천장은 스테인드글라스로 덮여 있고, 목조 서가는 개점 당시 것을 그대로 쓰고 있다. 입장 인원을 시간대별로 제한하기 때문에, 성수기에는 사전 예약 없이 들어가기 어렵다. 서점 안에서 사진 촬영은 허용되지만, 계단 위에서 오래 머무는 것은 다른 방문객을 위해 자제하도록 안내한다. 오전 이른 시간이 상대적으로 한적하다.","A bookshop that charges admission and still draws a queue every day is hard to credit until you see Livraria Lello, open since 1906 and known for its red spiral stair. The fee is credited toward a book. Stained glass covers the ceiling; the wooden stacks date from the opening. Timed entry makes a walk-in visit difficult in high season. Photographs are allowed; lingering on the stair is discouraged. Early morning is quieter.","R. das Carmelitas 144, 4050-161 Porto","Tel +351 22 200 2037 / Instagram @livraria.lello"
"Desperate Literature","데스퍼릿 리터러처","★★","마드리드, 스페인 · Madrid, Spain","스페인 마드리드에 있지만, 정작 서가에서는 스페인어보다 영어 책이 먼저 눈에 띄는 서점이다. 데스퍼릿 리터러처는 영어, 스페인어, 프랑스어 서적을 함께 취급한다. 손님 구성이 다양해서, 계산대에서는 손님이 먼저 사용한 언어로 응답하는 것이 암묵적인 규칙이다. 원래 오페라 지구 근처에 있었으나, 임대료 상승으로 최근 라 라티나 지구로 자리를 옮겼다. 정기적으로 낭독회와 소규모 시 낭송 행사를 열며, 이 행사는 주로 저녁 늦은 시간에 진행된다. 서가 분류는 언어별이 아니라 주제별로 되어 있어, 세 언어의 책이 한 칸에 섞여 있는 경우가 많다. 이전 후에도 단골손님의 발걸음은 크게 줄지 않았다고 알려져 있다.","The shop is in Madrid, but English often meets the eye before Spanish. Desperate Literature stocks English, Spanish and French. Staff answer in whichever language the customer used first. Rent pushed it from the Ópera district to La Latina. Readings and small poetry nights run late. Shelves are by subject, not language, so three tongues share a bay. Regulars are said not to have fallen away after the move.","Calle de la Cava Baja 8, 28005 Madrid","Tel +34 911 88 80 89 / Instagram @desperateliterature"
"مكتبة المرآة","막타바 알미라","★★★","페스, 모로코 · Fez, Morocco","페스 메디나의 금속공예 구역 한복판에 있는 이 서점은 천장 전체가 얇게 편 청동판으로 덮여 있다. 서가를 올려다보면 자신의 모습이 책들 사이에 겹쳐 보이는데, 처음 방문한 손님은 대부분 몇 초간 걸음을 멈춘다. 3대째 이 자리를 지키고 있는 지금 주인은 이 구조가 원래 할아버지 대의 실수에서 시작되었다고 설명한다. 옛 천장이 무너진 뒤 인근 대장간에서 얻어온 청동판을 임시로 씌운 것이 그대로 남았다는 것이다. 천장을 향해 휴대폰을 드는 손님이 워낙 많아, 몇 년 전부터 매장 안 셀피 촬영은 금지됐다. 몇몇 손님은 거울 속 자신의 움직임이 반 박자쯤 늦게 따라온다고 농담 삼아 말하지만, 주인은 조명 탓이라며 대수롭지 않게 넘긴다. 서가 사이 통로가 좁아, 거울 속 자신과 마주치지 않으려면 시선을 낮추고 걷는 것이 좋다.","In the metalworkers' quarter of the Fez medina, this shop's ceiling is a sheet of beaten bronze. Look up and your own face sits among the books; most first visitors stop for a few seconds. The present owner, third generation, says it began as his grandfather's stopgap: after the old ceiling fell, plates from a nearby forge were nailed up and never taken down. So many phones were lifted toward it that selfies have been banned for several years. Some customers joke that their reflection lags by half a beat; the owner blames the lamps. The aisles are narrow. To avoid meeting yourself, keep your eyes down.","Place Seffarine 14, Fes el Bali, Fès 30110",""
"Librería Babel","리브레리아 바벨","★","지브롤터 · Gibraltar","지브롤터 항구 근처의 이 서점에서는 흔히 통용되는 언어가 통하지 않는다. 주인은 한때 상선을 타던 선원이었다고 하며, 지브롤터 해협을 오가며 항로에서 사라진 작은 항구들을 돌며 책을 모았다고 전해진다. 진열된 책은 특정 지역에서만 쓰였던 소수 언어로 적혀 있으며, 그중 몇몇은 지금도 정식으로 분류되지 않은 상태다. 간판에는 영어와 스페인어가 나란히 적혀 있으나, 서가의 책은 어느 쪽에도 속하지 않는다. 주인은 손님이 어떤 언어로 물어도 일단 같은 언어로 짧게 되묻고, 알아듣지 못하면 곧바로 손짓으로 대화를 이어간다. 반품이나 환불에 대한 안내문은 존재하지 않는다.","Near Gibraltar's harbour, the usual languages do not work. The owner is said to have been a merchant sailor, gathering books from small ports that have since left the charts of the Strait. The stock is in minority tongues of particular places; some still have no official classification. The fascia is in English and Spanish, but the shelves belong to neither. Whatever language a customer uses, he echoes it once; if he does not understand, he continues in gesture. There is no notice about returns.","92 Main Street, Gibraltar GX11 1AA",""
"Brooklyn Art Library / The Sketchbook Project","브루클린 아트 라이브러리 · 더 스케치북 프로젝트","★★","뉴욕, 미국 · New York, USA","누구나 빈 스케치북 한 권을 사서 채워 보내면, 자기 이름으로 서가에 꽂히는 독특한 시스템으로 유명했던 곳이 있다. 브루클린 아트 라이브러리는 2006년 애틀랜타에서 시작되어 이후 윌리엄스버그로 자리를 옮겼다. 참여 방식은 단순하다. 빈 스케치북을 구입해 채운 뒤 우편으로 돌려보내면, 고유 번호가 매겨져 서가에 등록된다. 지금까지 130개국에서 5만 권이 넘는 스케치북이 모였다. 열람은 직접 서가에 접근하는 방식이 아니라, 원하는 번호를 직원에게 요청하면 태블릿으로 스캔본을 보여주는 방식으로 이루어진다. 운영 시간과 참여 접수 여부는 시기에 따라 달라지므로, 방문 전 확인이 필요하다.","The rule was simple and famous: buy a blank sketchbook, fill it, send it back, and it would sit on the shelf under your name. Brooklyn Art Library began in Atlanta in 2006 and later moved to Williamsburg. More than fifty thousand books arrived from a hundred and thirty countries. Readers did not browse the stacks; they asked for a number and saw a scan on a tablet. Hours and intake changed by season, so check before visiting.","과거 소재지: 윌리엄스버그, 브루클린, 뉴욕 — 2023년 5월 폐쇄, 소장품은 미국 세인트피터즈버그(플로리다)로 이관 · Former site: Williamsburg, Brooklyn, New York — closed May 2023; collection moved to St. Petersburg, Florida","Instagram @thesketchbookproject (아카이브 · archive)"
"The Last Bookstore","더 라스트 북스토어","★★★","로스앤젤레스, 미국 · Los Angeles, USA","'세계에서 인스타그램에 가장 많이 태그된 서점'이라는 타이틀을 가진 곳이 로스앤젤레스에 있다. 더 라스트 북스토어는 옛 은행 건물을 그대로 활용했다. 1층에는 예전 금고실이 남아 있고, 지금은 그 안에 만화책 서가가 채워져 있다. 2층으로 올라가면 '라비린스'라 불리는 구역이 있는데, 책을 쌓아 만든 터널과 아치가 통로를 이룬다. 손상되어 판매할 수 없는 책은 폐기하지 않고 조형물의 재료로 다시 쓰인다. 은행 창구였던 자리는 지금도 계산대로 쓰이고 있어, 옛 용도와 새 용도가 겹쳐 보인다. 주말에는 라비린스 구역에서 사진을 찍으려는 줄이 계산대 줄보다 길어지는 경우도 있다.","Los Angeles claims the world's most Instagram-tagged bookshop. The Last Bookstore occupies a former bank. The old vault is still on the ground floor, now filled with comics. Upstairs, the Labyrinth is a passage of tunnels and arches built from books. Damaged copies are not discarded; they become the sculpture. The teller line is still the till, old use overlapping new. On weekends the queue for photographs in the Labyrinth can outrun the queue to pay.","453 S Spring St, Ground Floor, Los Angeles, CA 90013","Tel +1 213-488-0599 / Instagram @lastbookstorela"
"City Lights Booksellers","시티 라이츠","★","샌프란시스코, 미국 · San Francisco, USA","금서 재판에서 이겨 미국 출판물의 표현 범위를 넓힌 서점이 있다. 시티 라이츠는 비트 세대 문학의 거점으로 알려져 있다. 1956년, 이곳의 출판 부문은 앨런 긴즈버그의 시집 하울을 출간했고, 이듬해 음란물 논란으로 재판에 넘겨졌다. 재판은 결국 서점 측의 승리로 끝났다. 2층에는 시 전용 서가가 따로 마련되어 있어, 상업적으로 인기 있는 책보다 절판 위기의 시집을 우선해 진열한다. 지금도 특정 시간대에는 시인들이 모여 원고를 교환하는 모습을 볼 수 있다.","This shop widened what American print could say by winning an obscenity trial. City Lights is still read as a Beat address. In 1956 its press issued Ginsberg's Howl; the next year the case went to court and the shop prevailed. The upstairs room is kept for poetry, with titles at risk of going out of print preferred to commercial successes. At certain hours poets still gather to trade pages.","261 Columbus Ave, San Francisco, CA 94133","Tel +1 415-362-8193 / Instagram @citylightsbooks"
"Primera y Última","프리메라 이 울티마","★","부에노스아이레스, 아르헨티나 · Buenos Aires, Argentina","부에노스아이레스 산텔모 지구의 이 서점은 초판본만 취급한다. 이십 년 전 인쇄소를 정리하고 서점을 연 지금 주인은, 책이 한 번 완전히 읽히고 나면 소임을 다한 것이라는 지론을 갖고 있다. 그래서 완독한 책은 그 시점부터 서점 목록에서 삭제된다는 조건이 붙는다. 손님이 책을 다 읽었다고 알려오면, 주인은 그 자리에서 재고 카드를 찢어 버린다. 이 방식 때문에 같은 제목을 두 번 구할 수 있는 경우는 거의 없다. 오래된 단골손님 중에는 일부러 마지막 몇 장을 남겨두고 오는 사람도 있는데, 주인도 이를 알면서 모르는 척한다.","In San Telmo, Buenos Aires, this shop deals only in first editions. The present owner closed a print shop twenty years ago and opened here, holding that a book has done its work once it has been read through. A finished copy is struck from the list. When a customer reports having reached the end, the owner tears the stock card on the spot. The same title is almost never found twice. Some old regulars leave the last pages unread; he knows, and pretends not to.","Defensa 1024, San Telmo, C1065 Buenos Aires",""
"La Veta","라 베타","★","과나후아토, 멕시코 · Guanajuato, Mexico","과나후아토 구시가 지하, 예전 은광 갱도와 이어져 있던 통로를 개조한 이 서점은 여행, 만화, 영화 등 주제별로 나뉜 여러 개의 방으로 이루어져 있다. 지하 특유의 서늘하고 축축한 공기가 방마다 남아 있어, 소리가 유독 먹먹하게 들린다. 한 방을 나서면 방금 있던 방으로 되돌아갈 수 없다는 것이 문제다. 안내 직원들 사이에서도 방의 개수를 두고 의견이 갈리는데, 리모델링을 거치며 벽을 새로 세우거나 허문 기록이 따로 남아있지 않기 때문이다. 신입 직원은 처음 두 개 방까지만 안내를 맡고, 그 이상은 배정받지 못한 채 계산대 업무로 옮겨지는 경우가 많다고 한다. 출구는 하나뿐이며, 계산대와 같은 자리에 있다. 같은 책을 찾아 두 번 방문해도 같은 경로로 다시 도착하는 경우는 드물다.","Under Guanajuato's old town, in a passage once linked to the silver mines, this shop is a string of rooms filed by subject—travel, comics, film. The cool damp of the underground stays in each, and sound goes dull. Leave a room and you cannot go back the way you came. Even the staff disagree on how many rooms there are; walls were raised and taken down without a surviving plan. New hires are walked through the first two only, then often moved to the till. There is one exit, at the desk. Looking for the same book twice rarely means walking the same path.","Callejón del Beso 12, Centro, 36000 Guanajuato",""
